[
    {
        "url": "*adservice.google.com*|*google.com/js/bg*.js|*google-analytics.com*|*doubleclick.net*|*googleads.*|*pubads.*|*pagead2.*|*/pagead/*|*securepubads.*|*adsbygoogle.js|*analytics.js|*googlesyndication.com*|*googletagmanager.com*|*traffer.net*|*analytics.twitter.com*|*hitsteps.com*",
        "enabled": true,
        "name": "public"
    },
    {
        "url": "*adservice*|*adserver*|*advertisements.js*|*crwdcntrl.net*|*whos.amung.us*|*riverhit.com*|*hadsecs.com*|*rukoval.com*|*uprimp.com*|*in-page-push.com*",
        "name": "service",
        "enabled": true
    },
    {
        "url": "*/ad/*|*_ads.js|*/ads/*|http://ads.*|https://ads.*|*ad_companion*|*/banners/*|*popads.net*|*-ad.net/*|*-ads.js*|*-ad.js*|*fuckadblock*js|*adtrue.com*|*run-syndicate.com*|*alexametrics.com*",
        "name": "tools",
        "enabled": true
    },
    {
        "url": "*mgid.com*|*yandex*watch.js|*advertisement.js|*pvclouds.com*.js|*js.foxpush.com*|*effectivemeasure.com*|*fdrgtt9edmej010.com*|*flagros2sii8fdbrh09.com*|*podsolnu9hi10.com*|*ptwmstc.com*",
        "name": "search",
        "enabled": true
    },
    {
        "url": "*addthis.com*|*adskeeper.co*|*brightonclick.com*|*gigaonclick.com*|*padsdel.com*|*cdn4ads*|/ad.js|*bestcontentproject.top*|*popsoffer.com*|*ppfrlfe.com*|*awmserve.com*|*labeldollars.com*|*wpadmngr.com*",
        "name": "cdn",
        "enabled": true
    },
    {
        "url": "*adglare.net*|*clickaine.com*|*exosrv.com*|*clcknads.pro*|*contentabc.com*|*omapetor.xyz*|*n214adserv.com*|*adsco.re*|*negyuk.com*|*gnorityari.club*|*volna2babla1dh1.com*|*advertiser.com*|*amazonaax.com*",
        "name": "company",
        "enabled": true
    },
    {
        "url": "*tsyndicate.com*|*adspyglass.com*|*realsrv.com*|*exoclick.com*|*hunt4k.com*|*amzcdn.info*|*poweredby.jads.co*|*bngpt.com*|*creamssicsite.com*|*media.aso1.net*|*buleor.com*|*lupush.com*|*clladss.com*",
        "name": "service 2",
        "enabled": true
    },
    {
        "url": "*inpagepush.com*|*inabsolor.com*|*viatepigan.com*|*dasimporary.club*|*graizoah.com*|*louchees.net*|*juicyads.com*|*tidint.pro*|*popcash.net*|*sailif.com*",
        "name": "service 3",
        "enabled": true
    },
    { "url": "*abeforeign.club*|*matchintsv.club*|*l2wisd9g5d9u.com*|*providentsopport.site*|*aionfavoura.club*|*displayvertising.com*|*easyads29*", "name": "service 4", "enabled": true },
    { "url": "*tour.eplay.com*|*adtng.com*|*jwpltx.com*|*revengemeantjackpot.com*|*fluffycodepotc.com*", "name": "service 5", "enabled": true },
    { "url": "*adblockchecker.js|*cdn.onesignal.com*|*traffichaus.com*|*notify.solutions*|*newrelic.com*|*eyefuneve.com*|*msgose.com*", "name": "service 6", "enabled": true },
    { "url": "*engine.phn.doublepimp.com*|*services.disqus.com*|*storeacdn.com*|*histats.com*|*raupsica.net*|*playwrightglancing.com*", "name": "service 7", "enabled": true },
    {
        "url": "*ueuodgnrhb.com*|*visariomedia.com*|*qfjherc.com*|*2cnjuh34jbpoint.com*|*d13k7prax1yi04.cloudfront.net*|*d38itq6vdv6gr9.cloudfront.net*|*d36zfztxfflmqo.cloudfront.net*",
        "name": "service 8",
        "enabled": true
    },
    { "url": "*asewlfjqwlflkew.com*|*dlfvgndsdfsn.com*|*easy2cnjuh34jb.com*|*s0.2mdn.net*|*empflix.com*mew.js|*cdn.ftd.agency*", "name": "service 9", "enabled": true },
    { "url": "*m2track.co*|*cardiwersg.com*|*achcdn.com*|*technicianservebrink.com*|*valvebox1.com*|*provenneback.com*|*zadauque.net*", "name": "service 10", "enabled": true },
    {
        "url": "*mgid.com*|*yandex*watch.js|*advertisement.js|*pvclouds.com*.js|*js.foxpush.com*|*effectivemeasure.com*|*fdrgtt9edmej010.com*|*flagros2sii8fdbrh09.com*|*podsolnu9hi10.com*",
        "name": "service 11",
        "enabled": true
    },
    { "url": "*tour.eplay.com*|*adtng.com*|*jwpltx.com*|*cataractencroach.com*|*nanouwho.com*", "name": "service 12", "enabled": true },
    { "url": "*m2track.co*|*specgoal.com*|*eu.get-things-done.info*|*linktrack123.com*|*sarseniraqian.com*|*bg4nxu2u5t.com*", "name": "service 13", "enabled": true },
    { "url": "*tour.eplay.com*|*adtng.com*|*jwpltx.com*|*revengemeantjackpot.com*", "name": "service 14", "enabled": true },
    { "url": "*adblockchecker.js|*cdn.onesignal.com*|*traffichaus.com*|*notify.solutions*|*newrelic.com*|*eyefuneve.com*", "name": "service 15", "enabled": true },
    { "url": "*services.disqus.com*|*storeacdn.com*|*histats.com*|*raupsica.net*|*rtbrennab.com*|*g--o.info*|*s10.histats.com*|*advertising.yandex.ru*", "name": "service 16", "enabled": true },
    { "url": "*ad4point.nyc3.digitaloceanspaces.com*|*invisible.js*|*passwordssaturatepebble.com*|*onetouch10.com*|*vasstycom.com*|*twndo77864.com*", "name": "redirect 1", "enabled": true },
    { "url": "*leanishscabble.shop*|*prioraslop.com*|*vizierspavan.com*|*betotodilea.com*", "name": "media 1", "enabled": true },
    { "url": "*offfurreton.com*|*twinrdsrv.com*|*cool.sunporno.com*", "name": "direct link 1", "enabled": true },
    { "url": "*wiztube.xyz*|*bypassprofessordemonstrate.com*", "name": "tools 2", "enabled": true },
    { "name": "redirect 2", "url": "*conoids.com*|*deliver.ptgncdn.com*|*crengate.com*|*myemailtracking.com*|*inaltariaon.com*|*fininvestart.com*|*adds.al3ably.com*", "enabled": true },
    { "url": "*adfpoint.com*|*acrvclk.com*|*extyoneplus-3.com*|*anon.ws*|*littlecutedogs.com*|*chaturbate.com*|*impactserving.com*|*adultgift.net*", "name": "redirect 3", "enabled": true },
    { "url": "*adsforcomputercity.com*|*tightendescendantcuddle.com*|*go.xlivrdr.com*|*1ts15.top*|*bigspyglass.com*|*srvpcn.com*|*agatarainpro.com*", "name": "redirect 4", "enabled": true },
    { "name": "service 17", "url": "*snugglethesheep.com*|*duckswillsmoochyou.com*|*conventforgotten.com*|*gositego.live*|*crazyp.cdnbucket.com*", "enabled": true },
    {
        "name": "redirect 5",
        "url": "*magsrv.com*|*mnaspm.com*|*cannonclam.com*|*topsexmovs.com*|*o333o.com*|*diclotrans.com*|*pemsrv.com*|*free-connecting-app.monster*|*trillerquelch.shop*",
        "enabled": true
    },
    { "url": "*/api/click/*|*adblocker*js", "name": "api", "enabled": true },
    { "url": "*gmxvmvptfm.com*|*12ezo5v60.com*|*lby2kd27c.com*|*ku42hjr2e.com*|*sadjklq.com*", "name": "ad001" },
    { "url": "*mutcheng.net*|*favorskhivan.com*|*uratekrait.com*|*psoroumukr.com*|*curatekrait.com*|*oonsouque.com*|*naupsakiwhy.com*", "name": "ad002" },
    { "name": "redirect 6", "url": "*tr-boost.com*|*consciousnesshear.com*|*mcpuwpsh.com*|*jsmcrptjmp.com*|*s.orbsrv.com*|*twinrdack.com*|*t.pimiji.xyz*", "enabled": true },
    { "url": "https://ad.*|*pagead.js|*widget/ads.*|*pixeltrey.com*|*clicks2apk.com*|*floitcarites.com*|*geogenyveered.com*", "name": "ad-block", "enabled": true },
    {
        "url": "*shakingtacklingunpeeled.com*|*boodiecawquaw.top*|*zeecajichaiw.net*|*ileeckut.com*|*aiveemtomsaix.net*|*ewouwamsubsouvy.net*|*curiescores.com*|*goboksehee.net*|*safedragonapp.monster*|*specificallycries.com*|*peanutrefusesplit.com*",
        "name": "ad003"
    },
    { "url": "*endscreen.js*", "name": "test 1", "enabled": true },
    { "url": "*leanishscabble.shop*|*prioraslop.com*|*vizierspavan.com*|*betotodilea.com*", "name": "media 1", "enabled": true },
    { "url": "*trafficjunky.com*", "name": "traffic 1", "enabled": true }
]
