{
  "allow_safty_mode": false,
  "block_ads": true,
  "block_empty_iframe": false,
  "remove_external_iframe": true,
  "block_html_tags": false,
  "skip_video_ads": true,
  "un_safe_words": [
    {
      "text": "sex"
    },
    {
      "text": "سكس"
    },
    {
      "text": "hot"
    },
    {
      "text": "جنس"
    },
    {
      "text": "porn"
    },
    {
      "text": "erotic"
    }
  ],
  "javascript": {
    "allowConsoleLogs": false,
    "block_window_open": false,
    "block_eval": false,
    "allow_jquery": false,
    "auto_remove_html": false
  },
  "privacy": {
    "vpc": {
      "hide_cpu": true,
      "hide_memory": true,
      "hide_screen": true,
      "screen": {
        "width": 1280,
        "height": 720
      },
      "hide_vega": true,
      "hide_connection": true,
      "hide_lang": true,
      "mask_date": false,
      "allowVPC": true,
      "connection": {
        "effectiveType": "4g",
        "downlink": 1,
        "rtt": 400,
        "type": "wifi",
        "downlinkMax": 1
      },
      "memory_count": 10,
      "cpu_count": 10,
      "languages": "en",
      "hide_touch_screen": false,
      "hide_plugins": true,
      "hide_mimetypes": true,
      "hide_media_devices": true,
      "hide_battery": true,
      "set_window_active": true,
      "set_tab_active": false,
      "dnt": true,
      "block_rtc": true,
      "maskUserAgentURL": false,
      "removeXFrameOptions": false,
      "hide_fonts": false,
      "hide_webgl": true,
      "hide_audio": true,
      "hide_canvas": true
    },
    "allowVPC": false
  },
  "html_tags_selector_list": [
    {
      "url": "*",
      "ex_url": "",
      "select": "[class='ad'],[class$='-ad'] ,[class*='_ad_'],[class=\"e3lanblock\"],#ofc9 ,.zPlayerRight,.zAfterPagination , .spot ,iframe[sandbox=\"allow-same-origin allow-scripts allow-popups\"]",
      "remove": true,
      "hide": false,
      "empty": false
    },
    {
      "url": "*",
      "select": ".exo_wrapper,#hd-rightColVideoPage .clearfix:first-child,.player-overlay,#sidebar,#k749,#player-ads,ytd-promoted-sparkles-web-renderer,.video-advert,#player-pop-layer",
      "remove": true
    }
  ],
  "un_safe_list": [
    {
      "url": "*taxi69.com*|*beeg.com*|*hotmovs.com*|*milf*|*viptube.com*"
    },
    {
      "url": "*xhamster*|*neswangy*|*xvideos*|*arbada.com*|*arabnek.com*|*arabxn.com*|*deviants.com*|*freeomovie.to*"
    },
    {
      "url": "*lust*|*xvids*|*brazzers*|*lesbain*|*fuck*|*xnxx*|*xxx*|*sex*|*porn*|*adult*|*gangbang*|*incest*"
    },
    {
      "url": "*سكس*|*جنس*"
    },
    {
      "url": "*xcum.com*|*tnaflix.com*|*apetube.com*|*drtuber.com*|*xxsosalkino.ooo*"
    },
    {
      "url": "*stileproject.com*|*nuvid.com*|*analdin.com*|*keezmovies.com*|*javfinder*"
    },
    {
      "url": "*megatube.xxx*|*hclips.com*|*vjav.com*|*fuq.com*|*theync.com*"
    },
    {
      "url": "*tube8.com*|*cliphunter.com*|*spankbang.com*|*bangbros.com*"
    },
    {
      "url": "*thumbzilla.com*|*spankwire.com*|*xtube.com*|*redtube.com*"
    },
    {
      "url": "*adam4adam.com*|*nifty.org*|*gayboystube.com*|*bongacams.com*|*bigstr.com*|*squirt.org*|*manhunt.net*|*kaotic.com*|*darkegy.com*"
    },
    {
      "url": "*imagefap.com*|*pichunter.com*|*clips4sale.com*|*voyeurweb.com*"
    },
    {
      "url": "*streamate.com*|*jerkncum.com*|*flirt4free.com*|*pot-8.com*|*stripchat.com*|*livejasmin.com*"
    },
    {
      "url": "*arabic18.com*|*pbwstatic.com*|*Tubegalore.com*|*GaymaleTube.com *"
    },
    {
      "url": "*youjizz.com*|*xbabe.com*|*wankoz.com*|*slutload.com*"
    },
    {
      "url": "*cdnbm.net*|*bravotube.net*|*dansmovies.com*|*pervclips.com*|*freudbox.com*"
    },
    {
      "url": "*eroxia.com*|*fux.com*|*camsoda.com*|*definebabe.com*|*orgasm.com*|*freevidstream.com*"
    },
    {
      "url": "*deviantclip.com*|*extremetube.com*|*tjoob.com*|*spankcdn.net*|*drtst.com*"
    },
    {
      "url": "*taxi69.com*|*beeg.com*|*hotmovs.com*|*milf*"
    }
  ],
  "un_safe_words_list": [
    {
      "text": "sex|سكس|جنس|porn|erotic|lesbain|fuck|brazzers|milf|orgasm|hentia|hentai|xxx"
    }
  ],
  "popup": {
    "white_list": [
      {
        "url": "*facebook.com*"
      },
      {
        "url": "*google.com*"
      },
      {
        "url": "*youtube.com*"
      },
      {
        "url": "*microsoft.com*"
      },
      {
        "url": "*linkedin.com*"
      },
      {
        "url": "*paypal.com*"
      },
      {
        "url": "*snapchat.com*"
      }
    ],
    "black_list": [],
    "allow_external": false,
    "allow_blank": false,
    "allow_internal": true
  },
  "youtube": {
    "safty_mode": {
      "selector_list": ["[href='http://www.youtube.com/t/community_guidelines']", "[href='https://support.google.com/youtube/?p=age_restrictions&hl=en]"],
      "words_list": [
        {
          "text": "*dance*|*harem*|*kiss|*brazzers*|*porn*|*sex*|*fuck*|*lesbian*|*erotic*|*orgasm*"
        },
        {
          "text": "*xxx*|*18+*|*+18*|*ايتشى*|*ايتش*|*echii*|*[\\s]حب[\\s]*|*هنتاى*|*هنتاي*|*hentia*|*hentai*|*Romance*|*رومانسى*|*رومانسي*|*رومنسى*|*رومنسي*|*سكس*|*نيك*|*رقص*|*جنس*|*للكبار*|*ممنوع*|*سحاق*|*سافل*|*اغراء*"
        }
      ]
    },
    "skip_ads": true,
    "allow_safty_mode": false,
    "quality": {
      "name": "medium",
      "value": "360"
    },
    "allow_change_quality": false
  },
  "social": {
    "allow_10khits": false,
    "allow_addmefast": false,
    "allow_menu": true,
    "allow_alexa": false,
    "allow_rankboostup": true,
    "allow_watchhours": true,
    "allow_exeio": false,
    "allow_hitleap": true
  },
  "permissions": {
    "clipboard-read": true,
    "clipboard-sanitized-write": true,
    "geolocation": true,
    "fullscreen": true
  },
  "core": {
    "remove_external_iframe": false,
    "block_empty_iframe": false,
    "block_ads": true,
    "block_html_tags": false,
    "skip_video_ads": true,
    "send_browser_id": true,
    "block_ads_servers": true
  },
  "internet_speed": {
    "type": "default",
    "latency": 0,
    "download": 0,
    "upload": 0
  },
  "white_list": [
    {
      "url": "*google.com*"
    },
    {
      "url": "*youtube.com*"
    },
    {
      "url": "*facebook.com*"
    },
    {
      "url": "*godaddy.com*"
    },
    {
      "url": "*paypal.com*"
    },
    {
      "url": "*snapchat.com*"
    }
  ],
  "black_list": [],
  "open_list": [
    {
      "enabled": true,
      "url": "https://www.youtube.com/",
      "multi": true,
      "name": "Open Youtube"
    },
    {
      "enabled": true,
      "name": "Open Facebook",
      "url": "https://www.facebook.com/",
      "multi": true
    },
    {
      "enabled": true,
      "name": "Open Current Page",
      "multi": true
    }
  ],
  "context_menu": {
    "inspect": true,
    "dev_tools": true,
    "page_options": true
  },
  "downloader": {
    "apps": [
      {
        "name": "C:\\Program Files (x86)\\Internet Download Manager\\IDMan.exe",
        "params": "/d $url /f $file_name"
      },
      {
        "name": "C:\\Program Files\\Softdeluxe\\Free Download Manager\\fdm.exe",
        "params": "--url $url --path $file_name",
        "url": "https://www.freedownloadmanager.org/"
      }
    ],
    "enabled": true
  }
}
