[
  {
    "id": "__core",
    "path": "{dir}/extensions/core/index.js",
    "name": "Core Functions ",
    "description": "Video Embed & Events , Iframe Handling ",
    "paid": false,
    "canDelete": false,
    "isEnabled": true
  },
  {
    "id": "__watchhours",
    "path": "{dir}/extensions/watchhours/index.js",
    "name": "Watch Hours",
    "description": "watchhours.com Integeration",
    "canDelete": false,
    "isEnabled": false
  },
  {
    "id": "__hitleap",
    "path": "{dir}/extensions/hitleap/index.js",
    "name": "HitLeap Integration",
    "description": "hitleap.com site integration",
    "canDelete": false,
    "isEnabled": false
  },
  {
    "id": "__rankboostup",
    "path": "{dir}/extensions/rankboostup/index.js",
    "name": "RankBoosUp",
    "description": "rankboostup.com site integration",
    "canDelete": false,
    "isEnabled": true
  },
  {
    "id": "__wintub",
    "path": "{dir}/extensions/wintub/index.js",
    "name": "WinTub",
    "description": "wintub.com site integration",
    "canDelete": false,
    "isEnabled": true
  },
  {
    "id": "__youlikehits",
    "path": "{dir}/extensions/youlikehits/index.js",
    "name": "YouLikeHits",
    "description": "youlikehits.com site integration",
    "canDelete": false,
    "isEnabled": false
  },
  {
    "id": "__10khits",
    "path": "{dir}/extensions/10khits/index.js",
    "name": "10K Hits",
    "description": "10khits.com site Integration",
    "canDelete": false,
    "isEnabled": true
  }
]