{
    "urls": [
        {
            "from": "https://payeer.com/*register*|https://payeer.com/*auth*",
            "to": "https://payeer.com/?session=33615088",
            "ignore": "*33615088*",
            "query": false,
            "email": "absunstar@gmail.com"
        },
        {
            "from": "https://m.do.co/c*|https://www.digitalocean.com/|https://try.digitalocean.com*",
            "to": "https://m.do.co/c/f192b51fbbf7",
            "ignore": "*f192b51fbbf7*",
            "query": false,
            "email": "absunstar@gmail.com"
        },
        {
            "from": "https://www.swagbucks.com|https://www.swagbucks.com/",
            "to": "https://www.swagbucks.com/p/register?rb=110986255",
            "ignore": "*110986255*",
            "query": false,
            "email": "user1@egytag.com"
        },
        {
            "from": "https://www.youlikehits.com/signup.php",
            "to": "http://ylkhts.cc/?id=2773499",
            "ignore": "*2773499*|*referral*|*referals*",
            "query": false,
            "email": "kamally356@gmail.com"
        },
        {
            "from": "hhttps://publisher.linkvertise.com/",
            "to": "https://publisher.linkvertise.com/ac/1225016",
            "ignore": "*1225016*",
            "query": false,
            "email": "user_1@egytag.com"
        },
        {
            "from": "https://www.10khits.com/|https://www.10khits.com*ref*",
            "to": "https://www.10khits.com/?ref=581369",
            "ignore": "*581369*|*referal*|*referrals*",
            "query": false
        },
        {
            "from": "https://www.otohits.net/|https://www.otohits.net*ref=*",
            "to": "https://www.otohits.net/?ref=267830",
            "ignore": "*267830*|*referal*|*referrals*",
            "query": false
        },
        {
            "from": "http*wintub.com/|http*wintub.com/?r=*",
            "to": "https://wintub.com/?r=4986083",
            "ignore": "*4986083*",
            "query": false
        },
        {
            "from": "https://rankboostup.com|https://rankboostup.com/|https://rankboostup.com*refid=*",
            "to": "https://rankboostup.com/?refid=341684",
            "ignore": "*341684*|*referrals*",
            "query": false
        },
        {
            "from": "https://traficads.com|https://traficads.com/|https://traficads.com*refid=*",
            "to": "https://traficads.com/?ref=11393",
            "ignore": "*11393*|*referrals*",
            "query": false
        },
        {
            "from": "*watchhours.com|*watchhours.com/|*watchhours.com*ref=*",
            "to": "https://watchhours.com/?ref=19750",
            "ignore": "*19750*|*referrals*",
            "query": false
        },
        {
            "from": "https://exe.io|https://exe.io/|https://exe.io/ref*",
            "to": "https://exe.io/ref/kamally356",
            "ignore": "*kamally356*|*referrals*",
            "query": false
        },
        {
            "from": "https://url-cut.com|https://url-cut.com/|https://url-cut.com/ref*",
            "to": "https://url-cut.com/ref/urlcutuser1",
            "ignore": "*urlcutuser1*|*referrals*",
            "query": false
        },
        {
            "from": "https://nitro-link.com|https://nitro-link.com/|https://nitro-link.com/ref*",
            "to": "https://nitro-link.com/ref/kamally356",
            "ignore": "*kamally356*|*referrals*",
            "query": false
        },
        {
            "from": "https://monetag.com|https://monetag.com/|https://monetag.com/?ref*",
            "to": "https://monetag.com/?ref_id=72G",
            "ignore": "*72G*|*referralProgram*",
            "query": false
        },
        {
            "from": "https://viefaucet.com|https://viefaucet.com/|https://viefaucet.com?r=*",
            "to": "https://viefaucet.com?r=66b7eae82360410ab39a9059",
            "ignore": "*66b7eae82360410ab39a9059*",
            "query": false
        }
    ]
}