[
    {
        "name" : "tiny",
        "value" : "144"
    },
    {
        "name" : "small",
        "value" : "240"
    },
    {
        "name" : "medium",
        "value" : "360"
    },
    {
        "name" : "large",
        "value" : "480"
    },
    {
        "name" : "hd720",
        "value" : "720"
    },
    {
        "name" : "hd1080",
        "value" : "1080"
    },
    {
        "name" : "hd1440",
        "value" : "1440"
    },
    {
        "name" : "hd2160",
        "value" : "2160"
    }
]